time,value
1696501180.3662703,3.0
1696501183.654176,2.6999999999999997
